model,n_splits,test_size,max_features,worst_score,best_score,fatures_after_selection
SVC(),4,0.3,5000,0.6276939655172413,0.6363146551724138,1000
SVC(kernel='sigmoid'),4,0.3,5000,0.5716594827586207,0.5851293103448276,1000
RandomForestClassifier(),4,0.3,5000,0.615301724137931,0.6336206896551724,1000
GaussianNB(),4,0.3,5000,0.37877155172413796,0.3933189655172414,1000
MultinomialNB(),4,0.3,5000,0.6928879310344828,0.6998922413793104,1000
BernoulliNB(),4,0.3,5000,0.6740301724137931,0.6880387931034483,1000
ComplementNB(),4,0.3,5000,0.693426724137931,0.7015086206896551,1000
