model,n_splits,test_size,max_features,worst_score,best_score,fatures_after_selection
MultinomialNB(alpha=1),4,0.3,10000,0.5307112068965517,0.5549568965517241,50
MultinomialNB(alpha=1),4,0.3,10000,0.6136853448275862,0.6228448275862069,100
MultinomialNB(alpha=1),4,0.3,10000,0.6707974137931034,0.6810344827586207,500
MultinomialNB(alpha=1),4,0.3,10000,0.6831896551724138,0.6993534482758621,1000
MultinomialNB(alpha=1),4,0.3,10000,0.6993534482758621,0.7052801724137931,1500
MultinomialNB(alpha=1),4,0.3,10000,0.6982758620689655,0.7101293103448276,2000
MultinomialNB(alpha=1),4,0.3,10000,0.7047413793103449,0.7176724137931034,3000
