model,n_splits,test_size,min_df,max_df,max_features,worst_score,best_score,fature_max_prob
SVC(),4,0.3,0.01,0.4,1000,0.6206896551724138,0.6341594827586207,0.2
SVC(kernel='sigmoid'),4,0.3,0.01,0.4,1000,0.5177801724137931,0.5463362068965517,0.2
RandomForestClassifier(),4,0.3,0.01,0.4,1000,0.5969827586206896,0.6244612068965517,0.2
GaussianNB(),4,0.3,0.01,0.4,1000,0.3706896551724138,0.3927801724137931,0.2
MultinomialNB(),4,0.3,0.01,0.4,1000,0.6594827586206896,0.6891163793103449,0.2
BernoulliNB(),4,0.3,0.01,0.4,1000,0.5323275862068966,0.6007543103448276,0.2
ComplementNB(),4,0.3,0.01,0.4,1000,0.6514008620689655,0.6740301724137931,0.2
